Job Position,Job Skills,Job Location,Experience
Software Engineer,"Python, Java, React, SQL, Git","New York, USA",0-2 years
Data Scientist,"Machine Learning, Statistics, Python, SQL","San Francisco, USA",1-2 years
Sales Executive,"Communication, Negotiation, CRM, Lead Generation","London, UK",0-3 years
Security Guard,"Surveillance, Patrolling, Emergency Response","Mumbai, India",0-2 years
Graphic Designer,"Photoshop, Illustrator, UI/UX, Creativity","Berlin, Germany",3-5 years
Electrician,"Wiring, Circuit Repair, Troubleshooting","Sydney, Australia",1-2 years
Civil Engineer,"AutoCAD, Structural Analysis, Project Management","Toronto, Canada",0-1 years
HR Manager,"Recruitment, Employee Relations, Compliance","Chicago, USA",2-4 years
Marketing Manager,"SEO, Digital Marketing, Social Media, Branding","Dubai, UAE",5-6 years
Doctor,"Diagnosis, Patient Care, Surgery, Medical Knowledge",Singapore,1-2 years
Chef,"Cooking, Food Safety, Menu Planning","Paris, France",0-2 years
Truck Driver,"Driving, Route Planning, Vehicle Maintenance","Texas, USA",0-3 years
Teacher,"Lesson Planning, Classroom Management, Subject Knowledge","Tokyo, Japan",1-6 years
Lawyer,"Legal Research, Litigation, Negotiation","Washington D.C., USA",1-3 years
Financial Analyst,"Excel, Financial Modeling, Investment Analysis",Hong Kong,3-4 years
Mechanical Engineer,"CAD Design, Thermodynamics, Manufacturing","Detroit, USA",1-5 years
Pharmacist,"Prescription Management, Drug Safety, Customer Service","Melbourne, Australia",0-2 years
Receptionist,"Customer Service, Scheduling, Multitasking","Dubai, UAE",0-5 years
Pilot,"Flight Navigation, Aviation Safety, Communication","Los Angeles, USA",5-7 years
Nurse,"Patient Care, Medication Administration, Empathy","New Delhi, India",0-1 years
Warehouse Worker,"Inventory Management, Forklift Operation, Packing","Mexico City, Mexico",0-2 years
Fashion Designer,"Sketching, Sewing, Fabric Selection","Milan, Italy",0-2 years
Bartender,"Mixology, Customer Service, Multitasking","Las Vegas, USA",0-2 years
Carpenter,"Woodworking, Blueprint Reading, Power Tools","Seattle, USA",0-2 years
Social Media Manager,"Content Creation, Analytics, Community Engagement","Amsterdam, Netherlands",0-2 years
Event Planner,"Budgeting, Coordination, Vendor Management","Rome, Italy",2-6 years
Architect,"AutoCAD, Urban Planning, Building Codes","Barcelona, Spain",3-4 years
Call Center Agent,"Customer Service, Communication, Problem-Solving","Manila, Philippines",1-3 years
Personal Trainer,"Fitness Coaching, Nutrition, Motivation","Miami, USA",0-2 years
IT Support Specialist,"Troubleshooting, Networking, Windows/Linux","Jakarta, Indonesia",0-2 years
Construction Worker,"Heavy Lifting, Site Safety, Concrete Work","SÃ£o Paulo, Brazil",1-2 years
Paralegal,"Legal Writing, Case Research, Documentation","Johannesburg, South Africa",0-2 years
Veterinarian,"Animal Care, Surgery, Diagnosis","Sydney, Australia",1-2 years
Journalist,"Writing, Interviewing, Investigative Reporting","Toronto, Canada",0-2 years
Biomedical Engineer,"Medical Devices, Biomechanics, Regulatory Compliance","Boston, USA",5-6 years
Flight Attendant,"Safety Procedures, Hospitality, Customer Service","Bangkok, Thailand",0-2 years
Welder,"Metalwork, MIG/TIG Welding, Blueprint Reading","Munich, Germany",0-2 years
Psychologist,"Counseling, Mental Health, Cognitive Therapy","Stockholm, Sweden",5-6 years
UI/UX Designer,"Wireframing, Figma, User Research","Seoul, South Korea",1-2 years
Bank Teller,"Cash Handling, Customer Service, Accounting","Istanbul, Turkey",1-2 years
Machine Operator,"CNC Operation, Quality Control, Assembly Line","Beijing, China",0-2 years
Hotel Manager,"Hospitality, Revenue Management, Customer Relations","Cairo, Egypt",0-2 years
Librarian,"Cataloging, Research Assistance, Digital Archives","Vienna, Austria",0-2 years
Firefighter,"Fire Safety, Emergency Response, Physical Fitness","Auckland, New Zealand",5-6 years
Delivery Driver,"Navigation, Time Management, Customer Service","Brussels, Belgium",0-2 years
Biologist,"Laboratory Techniques, Data Analysis, Research","Geneva, Switzerland",0-2 years
Real Estate Agent,"Property Sales, Client Negotiation, Market Analysis","Madrid, Spain",0-2 years